Type,Date,Part of a policing operation,Policing operation,Latitude,Longitude,Gender,Age range,Self-defined ethnicity,Officer-defined ethnicity,Legislation,Object of search,Outcome,Outcome linked to object of search,Removal of more than just outer clothing
Person search,2021-01-01T13:00:00+00:00,,,54.528737,-1.563209,Male,18-24,White - English/Welsh/Scottish/Northern Irish/British,White,Police and Criminal Evidence Act 1984 (section 1),Offensive weapons,Arrest,True,False
Person search,2021-01-01T14:00:00+00:00,,,54.827443,-1.341186,Male,25-34,White - English/Welsh/Scottish/Northern Irish/British,White,Police and Criminal Evidence Act 1984 (section 1),Offensive weapons,Arrest,True,False
Person search,2021-01-02T03:20:00+00:00,,,54.650186,-1.674981,Male,10-17,Black/African/Caribbean/Black British - Any other Black/African/Caribbean background,Black,Police and Criminal Evidence Act 1984 (section 1),Stolen goods,,False,False
Person search,2021-01-02T03:20:00+00:00,,,54.650186,-1.674981,Male,10-17,White - English/Welsh/Scottish/Northern Irish/British,White,Police and Criminal Evidence Act 1984 (section 1),Stolen goods,,False,False
Person and Vehicle search,2021-01-02T14:45:00+00:00,,,54.623396,-1.594271,Male,25-34,White - English/Welsh/Scottish/Northern Irish/British,White,Misuse of Drugs Act 1971 (section 23),Controlled drugs,Arrest,True,False
Vehicle search,2021-01-04T00:10:00+00:00,,,54.675084,-1.609512,,,,,Police and Criminal Evidence Act 1984 (section 1),Stolen goods,,True,False
Person and Vehicle search,2021-01-04T05:08:00+00:00,,,54.610368,-2.016286,Male,25-34,White - English/Welsh/Scottish/Northern Irish/British,White,Poaching Prevention Act 1862 (section 2),Game or poaching equipment,Community resolution,True,False
Person and Vehicle search,2021-01-04T05:08:00+00:00,,,54.610368,-2.016286,Male,18-24,White - English/Welsh/Scottish/Northern Irish/British,White,Poaching Prevention Act 1862 (section 2),Game or poaching equipment,Community resolution,True,False
Person and Vehicle search,2021-01-04T05:08:00+00:00,,,54.610368,-2.016286,Male,18-24,White - English/Welsh/Scottish/Northern Irish/British,,Poaching Prevention Act 1862 (section 2),Game or poaching equipment,Community resolution,True,False
Person search,2021-01-04T22:45:00+00:00,,,54.520633,-1.551493,Male,18-24,White - English/Welsh/Scottish/Northern Irish/British,White,Police and Criminal Evidence Act 1984 (section 1),Offensive weapons,,False,False
Person search,2021-01-05T00:00:00+00:00,,,54.757993,-1.324770,Male,10-17,White - English/Welsh/Scottish/Northern Irish/British,White,Police and Criminal Evidence Act 1984 (section 1),Stolen goods,Arrest,True,False
Person search,2021-01-05T10:22:00+00:00,,,54.520607,-1.501408,Male,over 34,White - English/Welsh/Scottish/Northern Irish/British,White,Police and Criminal Evidence Act 1984 (section 1),Stolen goods,Community resolution,True,False
Person and Vehicle search,2021-01-05T13:00:00+00:00,,,54.776653,-1.636285,Male,18-24,White - English/Welsh/Scottish/Northern Irish/British,White,Misuse of Drugs Act 1971 (section 23),Controlled drugs,Arrest,True,False
Person search,2021-01-05T14:19:00+00:00,,,54.689127,-1.556417,Male,over 34,White - English/Welsh/Scottish/Northern Irish/British,White,Misuse of Drugs Act 1971 (section 23),Controlled drugs,,True,False
Person and Vehicle search,2021-01-05T23:40:00+00:00,,,54.696157,-1.603833,Male,18-24,White - English/Welsh/Scottish/Northern Irish/British,White,Misuse of Drugs Act 1971 (section 23),Controlled drugs,Arrest,True,False
Person search,2021-01-06T01:15:00+00:00,,,54.762336,-1.508514,Male,over 34,Other ethnic group - Not stated,White,Police and Criminal Evidence Act 1984 (section 1),Stolen goods,,True,False
Person and Vehicle search,2021-01-06T01:45:00+00:00,,,54.762336,-1.508514,Female,18-24,White - English/Welsh/Scottish/Northern Irish/British,White,Police and Criminal Evidence Act 1984 (section 1),Article for use in theft,Penalty Notice for Disorder,True,False
Person and Vehicle search,2021-01-06T01:45:00+00:00,,,54.762336,-1.508514,Female,25-34,White - English/Welsh/Scottish/Northern Irish/British,White,Police and Criminal Evidence Act 1984 (section 1),Article for use in theft,Penalty Notice for Disorder,True,False
Person and Vehicle search,2021-01-06T01:45:00+00:00,,,54.762336,-1.508514,Female,25-34,White - English/Welsh/Scottish/Northern Irish/British,White,Police and Criminal Evidence Act 1984 (section 1),Article for use in theft,Penalty Notice for Disorder,True,False
Person and Vehicle search,2021-01-06T14:30:00+00:00,,,54.637467,-1.709554,Male,25-34,White - English/Welsh/Scottish/Northern Irish/British,White,Police and Criminal Evidence Act 1984 (section 1),Stolen goods,,False,False
Person search,2021-01-07T01:15:00+00:00,,,54.532924,-1.553197,Male,over 34,White - English/Welsh/Scottish/Northern Irish/British,White,Police and Criminal Evidence Act 1984 (section 1),Article for use in theft,,True,False
Person search,2021-01-07T19:32:00+00:00,,,54.787640,-1.319953,Male,10-17,White - English/Welsh/Scottish/Northern Irish/British,White,Police and Criminal Evidence Act 1984 (section 1),Offensive weapons,,False,False
Person search,2021-01-08T16:05:00+00:00,,,54.871011,-1.621662,Male,25-34,White - English/Welsh/Scottish/Northern Irish/British,White,Police and Criminal Evidence Act 1984 (section 1),Offensive weapons,,True,False
Person and Vehicle search,2021-01-08T20:23:00+00:00,,,54.767147,-1.599876,Male,25-34,White - English/Welsh/Scottish/Northern Irish/British,White,Misuse of Drugs Act 1971 (section 23),Controlled drugs,,True,False
Person search,2021-01-09T03:00:00+00:00,,,54.517217,-1.548843,Male,over 34,White - English/Welsh/Scottish/Northern Irish/British,White,Misuse of Drugs Act 1971 (section 23),Controlled drugs,,False,False
Person search,2021-01-09T03:37:00+00:00,,,54.525397,-1.561746,Male,18-24,White - English/Welsh/Scottish/Northern Irish/British,White,Misuse of Drugs Act 1971 (section 23),Controlled drugs,,False,False
Vehicle search,2021-01-09T13:10:00+00:00,,,54.846305,-1.820197,,,,,Misuse of Drugs Act 1971 (section 23),Controlled drugs,,True,False
Person and Vehicle search,2021-01-09T13:30:00+00:00,,,54.790772,-1.524918,Male,25-34,White - English/Welsh/Scottish/Northern Irish/British,White,Misuse of Drugs Act 1971 (section 23),Controlled drugs,Arrest,True,False
Person search,2021-01-09T14:08:00+00:00,,,54.776645,-1.583615,Female,over 34,White - English/Welsh/Scottish/Northern Irish/British,White,Police and Criminal Evidence Act 1984 (section 1),Stolen goods,Arrest,True,False
Person search,2021-01-09T21:57:00+00:00,,,54.791964,-1.523893,Male,18-24,White - English/Welsh/Scottish/Northern Irish/British,White,Misuse of Drugs Act 1971 (section 23),Controlled drugs,,False,False
Person search,2021-01-09T21:57:00+00:00,,,54.791964,-1.523893,Male,18-24,White - English/Welsh/Scottish/Northern Irish/British,,Misuse of Drugs Act 1971 (section 23),Controlled drugs,,False,False
Person search,2021-01-09T21:57:00+00:00,,,54.791964,-1.523893,Male,25-34,White - English/Welsh/Scottish/Northern Irish/British,White,Misuse of Drugs Act 1971 (section 23),Controlled drugs,,False,False
Person search,2021-01-09T21:57:00+00:00,,,54.791964,-1.523893,Male,25-34,White - English/Welsh/Scottish/Northern Irish/British,White,Misuse of Drugs Act 1971 (section 23),Controlled drugs,,False,False
Person search,2021-01-10T13:55:00+00:00,,,54.695955,-1.429257,Other,25-34,White - English/Welsh/Scottish/Northern Irish/British,White,Police and Criminal Evidence Act 1984 (section 1),Article for use in theft,,True,False
Person search,2021-01-10T13:55:00+00:00,,,54.695955,-1.429257,Male,18-24,White - English/Welsh/Scottish/Northern Irish/British,White,Police and Criminal Evidence Act 1984 (section 1),Article for use in theft,,True,False
Person search,2021-01-10T22:15:00+00:00,,,54.768831,-1.347780,Male,over 34,White - English/Welsh/Scottish/Northern Irish/British,White,Police and Criminal Evidence Act 1984 (section 1),Stolen goods,Arrest,True,False
Person search,2021-01-10T22:15:00+00:00,,,54.768831,-1.347780,Male,over 34,White - English/Welsh/Scottish/Northern Irish/British,White,Police and Criminal Evidence Act 1984 (section 1),Stolen goods,Arrest,True,False
Person search,2021-01-10T22:15:00+00:00,,,54.768831,-1.347780,Male,over 34,White - English/Welsh/Scottish/Northern Irish/British,White,Police and Criminal Evidence Act 1984 (section 1),Stolen goods,Arrest,True,False
Person search,2021-01-10T22:15:00+00:00,,,54.768831,-1.347780,Male,over 34,White - English/Welsh/Scottish/Northern Irish/British,White,Police and Criminal Evidence Act 1984 (section 1),Stolen goods,Arrest,True,False
Person search,2021-01-10T22:15:00+00:00,,,54.768831,-1.347780,Male,over 34,White - English/Welsh/Scottish/Northern Irish/British,White,Police and Criminal Evidence Act 1984 (section 1),Stolen goods,Arrest,True,False
Person search,2021-01-10T22:15:00+00:00,,,54.768831,-1.347780,Male,over 34,White - English/Welsh/Scottish/Northern Irish/British,White,Police and Criminal Evidence Act 1984 (section 1),Stolen goods,Arrest,True,False
Person search,2021-01-11T14:06:00+00:00,,,54.804084,-1.574201,Male,18-24,White - English/Welsh/Scottish/Northern Irish/British,White,Misuse of Drugs Act 1971 (section 23),Controlled drugs,Community resolution,True,False
Person search,2021-01-11T14:06:00+00:00,,,54.804084,-1.574201,Male,18-24,White - English/Welsh/Scottish/Northern Irish/British,White,Misuse of Drugs Act 1971 (section 23),Controlled drugs,,True,False
Person search,2021-01-11T18:30:00+00:00,,,54.777646,-1.581817,Male,25-34,White - English/Welsh/Scottish/Northern Irish/British,White,Misuse of Drugs Act 1971 (section 23),Controlled drugs,,True,False
Person and Vehicle search,2021-01-12T20:20:00+00:00,,,54.873460,-1.611759,Male,25-34,White - English/Welsh/Scottish/Northern Irish/British,White,Misuse of Drugs Act 1971 (section 23),Controlled drugs,Arrest,True,False
Person search,2021-01-12T21:25:00+00:00,,,54.650510,-1.678512,Male,18-24,White - English/Welsh/Scottish/Northern Irish/British,White,Misuse of Drugs Act 1971 (section 23),Controlled drugs,Community resolution,True,False
Person search,2021-01-13T00:26:00+00:00,,,54.688205,-1.557373,Female,over 34,White - English/Welsh/Scottish/Northern Irish/British,White,Police and Criminal Evidence Act 1984 (section 1),Stolen goods,,True,False
Person search,2021-01-13T00:26:00+00:00,,,54.688205,-1.557373,Male,over 34,White - English/Welsh/Scottish/Northern Irish/British,White,Police and Criminal Evidence Act 1984 (section 1),Stolen goods,,True,False
Person and Vehicle search,2021-01-13T00:54:00+00:00,,,54.809810,-1.503379,Male,18-24,White - English/Welsh/Scottish/Northern Irish/British,White,Police and Criminal Evidence Act 1984 (section 1),Article for use in theft,,True,False
Person search,2021-01-13T00:55:00+00:00,,,54.809810,-1.503379,Male,18-24,White - English/Welsh/Scottish/Northern Irish/British,White,Police and Criminal Evidence Act 1984 (section 1),Stolen goods,,True,False
Person search,2021-01-13T00:55:00+00:00,,,54.809810,-1.503379,Male,18-24,White - English/Welsh/Scottish/Northern Irish/British,White,Police and Criminal Evidence Act 1984 (section 1),Stolen goods,,True,False
Person search,2021-01-13T05:26:00+00:00,,,54.530231,-1.544434,Male,over 34,White - English/Welsh/Scottish/Northern Irish/British,White,Police and Criminal Evidence Act 1984 (section 1),Article for use in theft,Community resolution,False,False
Vehicle search,2021-01-14T16:40:00+00:00,,,54.837244,-1.544302,,,,,Police and Criminal Evidence Act 1984 (section 1),Stolen goods,,False,False
Person search,2021-01-15T14:41:00+00:00,,,54.517229,-1.526150,Female,over 34,White - English/Welsh/Scottish/Northern Irish/British,White,Misuse of Drugs Act 1971 (section 23),Controlled drugs,,False,False
Person search,2021-01-16T15:01:00+00:00,,,54.711570,-1.587944,Male,10-17,Other ethnic group - Not stated,White,Deer Act 1991 (section 12),Evidence of offences under the Act,,True,False
Person search,2021-01-16T15:28:00+00:00,,,54.651783,-1.677572,Male,18-24,White - English/Welsh/Scottish/Northern Irish/British,White,Misuse of Drugs Act 1971 (section 23),Controlled drugs,,False,False
Person and Vehicle search,2021-01-16T17:30:00+00:00,,,54.862593,-1.805558,Other,over 34,White - English/Welsh/Scottish/Northern Irish/British,White,Misuse of Drugs Act 1971 (section 23),Controlled drugs,Arrest,True,False
Person search,2021-01-16T17:30:00+00:00,,,54.862593,-1.805558,Male,25-34,White - English/Welsh/Scottish/Northern Irish/British,White,Misuse of Drugs Act 1971 (section 23),Controlled drugs,,False,False
Person search,2021-01-16T17:30:00+00:00,,,54.862593,-1.805558,Male,25-34,White - English/Welsh/Scottish/Northern Irish/British,White,Misuse of Drugs Act 1971 (section 23),Controlled drugs,,False,False
Person and Vehicle search,2021-01-16T17:30:00+00:00,,,54.862593,-1.805558,Male,25-34,White - English/Welsh/Scottish/Northern Irish/British,White,Misuse of Drugs Act 1971 (section 23),Controlled drugs,Penalty Notice for Disorder,False,False
Person search,2021-01-16T19:25:00+00:00,,,54.748860,-1.628378,Male,over 34,White - English/Welsh/Scottish/Northern Irish/British,White,Police and Criminal Evidence Act 1984 (section 1),Stolen goods,Arrest,True,False
Person and Vehicle search,2021-01-17T14:15:00+00:00,,,54.649432,-1.507396,Male,over 34,Asian/Asian British - Any other Asian background,Asian,Misuse of Drugs Act 1971 (section 23),Controlled drugs,Arrest,False,False
Person search,2021-01-17T18:37:00+00:00,,,54.862593,-1.805558,Male,10-17,White - English/Welsh/Scottish/Northern Irish/British,White,Misuse of Drugs Act 1971 (section 23),Controlled drugs,,True,False
Person search,2021-01-17T21:30:00+00:00,,,54.821330,-1.623340,Male,25-34,White - English/Welsh/Scottish/Northern Irish/British,White,Police and Criminal Evidence Act 1984 (section 1),Offensive weapons,,True,False
Person search,2021-01-17T21:39:00+00:00,,,54.821171,-1.624151,Male,over 34,White - English/Welsh/Scottish/Northern Irish/British,White,Police and Criminal Evidence Act 1984 (section 1),Offensive weapons,,True,False
Person search,2021-01-17T23:55:00+00:00,,,54.751088,-1.630905,Male,25-34,White - English/Welsh/Scottish/Northern Irish/British,White,Police and Criminal Evidence Act 1984 (section 1),Article for use in theft,Community resolution,True,False
Person search,2021-01-18T02:23:00+00:00,,,54.698059,-1.602775,Male,25-34,White - English/Welsh/Scottish/Northern Irish/British,White,Misuse of Drugs Act 1971 (section 23),Controlled drugs,,True,False
Person and Vehicle search,2021-01-18T18:25:00+00:00,,,54.539885,-1.549767,Male,18-24,White - English/Welsh/Scottish/Northern Irish/British,White,Police and Criminal Evidence Act 1984 (section 1),Offensive weapons,Arrest,True,False
Person search,2021-01-18T18:28:00+00:00,,,54.539885,-1.549767,Male,25-34,White - English/Welsh/Scottish/Northern Irish/British,White,Police and Criminal Evidence Act 1984 (section 1),Articles for use in criminal damage,Arrest,True,False
Person and Vehicle search,2021-01-18T20:00:00+00:00,,,54.577194,-1.555715,Male,18-24,White - English/Welsh/Scottish/Northern Irish/British,White,Misuse of Drugs Act 1971 (section 23),Controlled drugs,,False,False
Person search,2021-01-18T23:30:00+00:00,,,54.517003,-1.539932,Male,over 34,White - English/Welsh/Scottish/Northern Irish/British,White,Misuse of Drugs Act 1971 (section 23),Controlled drugs,Arrest,False,False
Person search,2021-01-19T14:00:00+00:00,,,54.664572,-1.677703,Male,over 34,White - English/Welsh/Scottish/Northern Irish/British,White,Misuse of Drugs Act 1971 (section 23),Controlled drugs,Community resolution,True,False
Person and Vehicle search,2021-01-19T14:30:00+00:00,,,54.853745,-1.832578,Male,over 34,White - English/Welsh/Scottish/Northern Irish/British,White,Misuse of Drugs Act 1971 (section 23),Controlled drugs,,True,False
Person search,2021-01-19T15:25:00+00:00,,,54.580986,-1.558133,Female,over 34,White - English/Welsh/Scottish/Northern Irish/British,White,Misuse of Drugs Act 1971 (section 23),Controlled drugs,,False,False
Person search,2021-01-19T15:25:00+00:00,,,54.580986,-1.558133,Female,18-24,White - English/Welsh/Scottish/Northern Irish/British,White,Misuse of Drugs Act 1971 (section 23),Controlled drugs,,False,False
Person and Vehicle search,2021-01-19T15:40:00+00:00,,,54.584945,-1.552102,Female,18-24,White - English/Welsh/Scottish/Northern Irish/British,White,Misuse of Drugs Act 1971 (section 23),Controlled drugs,Arrest,True,False
Person and Vehicle search,2021-01-20T01:10:00+00:00,,,54.521078,-1.550376,Male,18-24,White - English/Welsh/Scottish/Northern Irish/British,White,Misuse of Drugs Act 1971 (section 23),Controlled drugs,,False,False
Person search,2021-01-20T10:30:00+00:00,,,54.662371,-1.563158,Male,10-17,White - English/Welsh/Scottish/Northern Irish/British,White,Police and Criminal Evidence Act 1984 (section 1),Article for use in theft,,False,False
Person search,2021-01-20T10:30:00+00:00,,,54.662371,-1.563158,Male,10-17,White - English/Welsh/Scottish/Northern Irish/British,White,Police and Criminal Evidence Act 1984 (section 1),Article for use in theft,,False,False
Person search,2021-01-20T11:30:00+00:00,,,54.776305,-1.576172,Male,over 34,White - English/Welsh/Scottish/Northern Irish/British,White,Misuse of Drugs Act 1971 (section 23),Controlled drugs,,False,False
Person search,2021-01-20T15:19:00+00:00,,,54.520607,-1.501408,Male,over 34,White - English/Welsh/Scottish/Northern Irish/British,White,Conservation of Seals Act 1970 (section 4),Seals or hunting equipment,,True,False
Person search,2021-01-20T15:21:00+00:00,,,54.867050,-1.706957,Male,over 34,White - English/Welsh/Scottish/Northern Irish/British,White,Misuse of Drugs Act 1971 (section 23),Controlled drugs,,False,False
Person search,2021-01-20T23:40:00+00:00,,,54.818553,-1.385372,Male,over 34,White - English/Welsh/Scottish/Northern Irish/British,White,Police and Criminal Evidence Act 1984 (section 1),Stolen goods,,False,False
Person search,2021-01-21T02:00:00+00:00,,,54.692783,-1.613872,Male,over 34,White - English/Welsh/Scottish/Northern Irish/British,White,Police and Criminal Evidence Act 1984 (section 1),Article for use in theft,,False,False
Person search,2021-01-21T02:00:00+00:00,,,54.692783,-1.613872,Male,over 34,White - English/Welsh/Scottish/Northern Irish/British,White,Police and Criminal Evidence Act 1984 (section 1),Article for use in theft,Community resolution,False,False
Person and Vehicle search,2021-01-21T10:30:00+00:00,,,54.772148,-1.569547,Male,over 34,White - English/Welsh/Scottish/Northern Irish/British,White,Misuse of Drugs Act 1971 (section 23),Controlled drugs,,False,False
Person search,2021-01-21T22:06:00+00:00,,,54.860362,-1.834809,Male,18-24,White - English/Welsh/Scottish/Northern Irish/British,White,Police and Criminal Evidence Act 1984 (section 1),Offensive weapons,Arrest,False,False
Person and Vehicle search,2021-01-21T23:45:00+00:00,,,54.650670,-1.681440,Male,18-24,White - English/Welsh/Scottish/Northern Irish/British,White,Misuse of Drugs Act 1971 (section 23),Controlled drugs,Penalty Notice for Disorder,True,False
Person search,2021-01-22T04:30:00+00:00,,,54.524630,-1.538965,Male,25-34,White - English/Welsh/Scottish/Northern Irish/British,White,Police and Criminal Evidence Act 1984 (section 1),Article for use in theft,Community resolution,False,False
Vehicle search,2021-01-23T09:53:00+00:00,,,54.535921,-1.551882,,,,,Misuse of Drugs Act 1971 (section 23),Controlled drugs,,True,False
Person and Vehicle search,2021-01-23T13:41:00+00:00,,,54.539734,-1.552489,Male,10-17,White - English/Welsh/Scottish/Northern Irish/British,White,Misuse of Drugs Act 1971 (section 23),Controlled drugs,,False,False
Person and Vehicle search,2021-01-23T13:41:00+00:00,,,54.539734,-1.552489,Male,18-24,White - English/Welsh/Scottish/Northern Irish/British,White,Misuse of Drugs Act 1971 (section 23),Controlled drugs,,False,False
Person search,2021-01-23T16:30:00+00:00,,,54.622446,-1.761001,Male,18-24,White - English/Welsh/Scottish/Northern Irish/British,White,Misuse of Drugs Act 1971 (section 23),Controlled drugs,Khat or Cannabis warning,True,False
Person search,2021-01-23T16:30:00+00:00,,,54.622446,-1.761001,Other,10-17,White - English/Welsh/Scottish/Northern Irish/British,White,Misuse of Drugs Act 1971 (section 23),Controlled drugs,Khat or Cannabis warning,True,False
Person and Vehicle search,2021-01-23T16:40:00+00:00,,,54.622446,-1.761001,Other,18-24,White - English/Welsh/Scottish/Northern Irish/British,White,Misuse of Drugs Act 1971 (section 23),Controlled drugs,,True,False
Person and Vehicle search,2021-01-23T16:40:00+00:00,,,54.622446,-1.761001,Male,10-17,White - English/Welsh/Scottish/Northern Irish/British,White,Misuse of Drugs Act 1971 (section 23),Controlled drugs,,True,False
Person search,2021-01-23T17:15:00+00:00,,,54.524513,-1.548484,Male,18-24,White - English/Welsh/Scottish/Northern Irish/British,White,Misuse of Drugs Act 1971 (section 23),Controlled drugs,Arrest,True,False
Person and Vehicle search,2021-01-23T18:05:00+00:00,,,54.769300,-1.621118,Male,over 34,White - English/Welsh/Scottish/Northern Irish/British,White,Misuse of Drugs Act 1971 (section 23),Controlled drugs,,False,False
Person and Vehicle search,2021-01-23T18:05:00+00:00,,,54.769300,-1.621118,Female,25-34,White - English/Welsh/Scottish/Northern Irish/British,White,Misuse of Drugs Act 1971 (section 23),Controlled drugs,,False,False
Person search,2021-01-24T17:00:00+00:00,,,54.760006,-1.385544,Male,10-17,White - English/Welsh/Scottish/Northern Irish/British,White,Police and Criminal Evidence Act 1984 (section 1),Articles for use in criminal damage,Community resolution,False,False
Person search,2021-01-24T20:25:00+00:00,,,54.520985,-1.537709,Male,10-17,White - English/Welsh/Scottish/Northern Irish/British,White,Police and Criminal Evidence Act 1984 (section 1),Articles for use in criminal damage,,True,False
Person search,2021-01-24T20:25:00+00:00,,,54.520985,-1.537709,Male,10-17,White - English/Welsh/Scottish/Northern Irish/British,White,Police and Criminal Evidence Act 1984 (section 1),Articles for use in criminal damage,,True,False
Person and Vehicle search,2021-01-24T21:13:00+00:00,,,54.778313,-1.574751,Male,25-34,Asian/Asian British - Any other Asian background,Asian,Police and Criminal Evidence Act 1984 (section 1),Offensive weapons,,False,False
Person search,2021-01-25T16:42:00+00:00,,,54.629116,-1.731655,Other,18-24,White - English/Welsh/Scottish/Northern Irish/British,White,Misuse of Drugs Act 1971 (section 23),Controlled drugs,,True,False
Person search,2021-01-25T21:15:00+00:00,,,54.757993,-1.324770,Male,10-17,White - English/Welsh/Scottish/Northern Irish/British,White,Police and Criminal Evidence Act 1984 (section 1),Stolen goods,,True,False
Person search,2021-01-25T21:30:00+00:00,,,54.757993,-1.324770,Other,10-17,White - English/Welsh/Scottish/Northern Irish/British,White,Police and Criminal Evidence Act 1984 (section 1),Stolen goods,,True,False
Person and Vehicle search,2021-01-26T01:30:00+00:00,,,54.792613,-1.526778,Male,over 34,White - English/Welsh/Scottish/Northern Irish/British,White,Misuse of Drugs Act 1971 (section 23),Controlled drugs,Arrest,True,False
Person search,2021-01-26T04:30:00+00:00,,,54.717894,-1.756684,Male,25-34,White - English/Welsh/Scottish/Northern Irish/British,,Police and Criminal Evidence Act 1984 (section 1),Article for use in theft,Arrest,True,False
Person and Vehicle search,2021-01-26T13:15:00+00:00,,,54.692672,-1.604441,Other,18-24,White - English/Welsh/Scottish/Northern Irish/British,,Misuse of Drugs Act 1971 (section 23),Controlled drugs,Summons / charged by post,True,False
Person and Vehicle search,2021-01-26T13:15:00+00:00,,,54.692672,-1.604441,Male,18-24,White - English/Welsh/Scottish/Northern Irish/British,White,Misuse of Drugs Act 1971 (section 23),Controlled drugs,,False,False
Person search,2021-01-26T23:45:00+00:00,,,54.760147,-1.332395,Male,over 34,White - English/Welsh/Scottish/Northern Irish/British,White,Police and Criminal Evidence Act 1984 (section 1),Offensive weapons,,False,False
Person and Vehicle search,2021-01-27T07:02:00+00:00,,,54.851111,-1.831825,Male,18-24,White - English/Welsh/Scottish/Northern Irish/British,White,Misuse of Drugs Act 1971 (section 23),Controlled drugs,Arrest,True,False
Person search,2021-01-27T14:50:00+00:00,,,54.851278,-1.835173,Female,over 34,White - English/Welsh/Scottish/Northern Irish/British,White,Police and Criminal Evidence Act 1984 (section 1),Stolen goods,,False,False
Person search,2021-01-27T17:34:00+00:00,,,54.524535,-1.554525,Male,10-17,White - English/Welsh/Scottish/Northern Irish/British,White,Police and Criminal Evidence Act 1984 (section 1),Stolen goods,Community resolution,False,False
Person search,2021-01-27T19:49:00+00:00,,,54.521762,-1.548360,Male,25-34,White - English/Welsh/Scottish/Northern Irish/British,White,Misuse of Drugs Act 1971 (section 23),Controlled drugs,Penalty Notice for Disorder,False,False
Person search,2021-01-27T19:49:00+00:00,,,54.521762,-1.548360,Male,25-34,White - English/Welsh/Scottish/Northern Irish/British,White,Misuse of Drugs Act 1971 (section 23),Controlled drugs,Penalty Notice for Disorder,False,False
Person search,2021-01-27T19:55:00+00:00,,,54.521762,-1.548360,Male,over 34,White - English/Welsh/Scottish/Northern Irish/British,White,Misuse of Drugs Act 1971 (section 23),Controlled drugs,Arrest,True,False
Person search,2021-01-27T19:55:00+00:00,,,54.521762,-1.548360,Male,over 34,White - English/Welsh/Scottish/Northern Irish/British,White,Misuse of Drugs Act 1971 (section 23),Controlled drugs,Arrest,True,False
Person search,2021-01-27T19:55:00+00:00,,,54.521762,-1.548360,Male,10-17,White - English/Welsh/Scottish/Northern Irish/British,White,Misuse of Drugs Act 1971 (section 23),Controlled drugs,,False,False
Person search,2021-01-27T20:01:00+00:00,,,54.521762,-1.548360,Male,18-24,White - English/Welsh/Scottish/Northern Irish/British,White,Misuse of Drugs Act 1971 (section 23),Controlled drugs,Penalty Notice for Disorder,False,False
Person and Vehicle search,2021-01-28T15:00:00+00:00,,,54.580986,-1.558133,Male,over 34,White - English/Welsh/Scottish/Northern Irish/British,White,Misuse of Drugs Act 1971 (section 23),Controlled drugs,Arrest,True,False
Person search,2021-01-28T17:34:00+00:00,,,54.856876,-1.583256,Male,10-17,White - English/Welsh/Scottish/Northern Irish/British,White,Misuse of Drugs Act 1971 (section 23),Controlled drugs,,True,False
Person and Vehicle search,2021-01-29T00:20:00+00:00,,,54.504687,-1.376407,Female,25-34,White - English/Welsh/Scottish/Northern Irish/British,White,Misuse of Drugs Act 1971 (section 23),Controlled drugs,,False,False
Person and Vehicle search,2021-01-29T00:20:00+00:00,,,54.504687,-1.376407,Male,over 34,White - English/Welsh/Scottish/Northern Irish/British,White,Misuse of Drugs Act 1971 (section 23),Controlled drugs,Arrest,False,False
Person search,2021-01-29T13:55:00+00:00,,,54.528592,-1.553105,Male,18-24,Other ethnic group - Not stated,White,Misuse of Drugs Act 1971 (section 23),Controlled drugs,Community resolution,True,False
Person search,2021-01-29T14:50:00+00:00,,,54.766327,-1.336661,Male,10-17,White - English/Welsh/Scottish/Northern Irish/British,White,Police and Criminal Evidence Act 1984 (section 1),Offensive weapons,,True,False
Person search,2021-01-29T16:10:00+00:00,,,54.776705,-1.632818,Male,18-24,White - English/Welsh/Scottish/Northern Irish/British,White,Misuse of Drugs Act 1971 (section 23),Controlled drugs,Arrest,False,False
Person search,2021-01-29T19:33:00+00:00,,,54.779339,-1.545419,Male,18-24,White - English/Welsh/Scottish/Northern Irish/British,White,Police and Criminal Evidence Act 1984 (section 1),Article for use in theft,,False,False
Person search,2021-01-29T19:35:00+00:00,,,54.779339,-1.545419,Male,18-24,White - English/Welsh/Scottish/Northern Irish/British,White,Police and Criminal Evidence Act 1984 (section 1),Article for use in theft,,False,False
Person and Vehicle search,2021-01-29T19:35:00+00:00,,,54.779339,-1.545419,Male,18-24,White - English/Welsh/Scottish/Northern Irish/British,White,Police and Criminal Evidence Act 1984 (section 1),Article for use in theft,,False,False
Person search,2021-01-29T22:56:00+00:00,,,54.652404,-1.565543,Male,10-17,White - English/Welsh/Scottish/Northern Irish/British,White,Misuse of Drugs Act 1971 (section 23),Controlled drugs,,True,False
Person search,2021-01-29T22:59:00+00:00,,,54.652404,-1.565543,Other,18-24,White - English/Welsh/Scottish/Northern Irish/British,White,Misuse of Drugs Act 1971 (section 23),Controlled drugs,,True,False
Person search,2021-01-30T01:38:00+00:00,,,54.641240,-1.690732,Male,25-34,White - English/Welsh/Scottish/Northern Irish/British,White,Misuse of Drugs Act 1971 (section 23),Controlled drugs,,False,False
Person and Vehicle search,2021-01-30T01:40:00+00:00,,,54.641240,-1.690732,Female,25-34,White - English/Welsh/Scottish/Northern Irish/British,White,Misuse of Drugs Act 1971 (section 23),Controlled drugs,,True,False
Person and Vehicle search,2021-01-30T05:00:00+00:00,,,54.546853,-1.531589,Male,25-34,White - English/Welsh/Scottish/Northern Irish/British,White,Misuse of Drugs Act 1971 (section 23),Controlled drugs,Arrest,True,False
Person and Vehicle search,2021-01-30T11:46:00+00:00,,,54.865929,-1.859995,Male,10-17,White - English/Welsh/Scottish/Northern Irish/British,White,Police and Criminal Evidence Act 1984 (section 1),Stolen goods,,False,False
Person and Vehicle search,2021-01-30T11:46:00+00:00,,,54.865929,-1.859995,Male,18-24,White - English/Welsh/Scottish/Northern Irish/British,White,Police and Criminal Evidence Act 1984 (section 1),Stolen goods,,False,False
Person and Vehicle search,2021-01-30T11:46:00+00:00,,,54.865929,-1.859995,Male,18-24,White - English/Welsh/Scottish/Northern Irish/British,White,Police and Criminal Evidence Act 1984 (section 1),Stolen goods,,False,False
Person and Vehicle search,2021-01-30T11:46:00+00:00,,,54.865929,-1.859995,Male,18-24,White - English/Welsh/Scottish/Northern Irish/British,White,Police and Criminal Evidence Act 1984 (section 1),Stolen goods,,False,False
Person and Vehicle search,2021-01-30T11:46:00+00:00,,,54.865929,-1.859995,Male,10-17,White - English/Welsh/Scottish/Northern Irish/British,White,Police and Criminal Evidence Act 1984 (section 1),Stolen goods,,False,False
Person search,2021-01-30T14:05:00+00:00,,,54.759944,-1.336268,Male,18-24,White - English/Welsh/Scottish/Northern Irish/British,White,Police and Criminal Evidence Act 1984 (section 1),Offensive weapons,,False,False
Person search,2021-01-30T21:52:00+00:00,,,54.899327,-1.855966,Female,25-34,Other ethnic group - Not stated,White,Misuse of Drugs Act 1971 (section 23),Controlled drugs,,False,False
Person search,2021-01-30T21:55:00+00:00,,,54.897101,-1.858266,Female,18-24,White - English/Welsh/Scottish/Northern Irish/British,White,Misuse of Drugs Act 1971 (section 23),Controlled drugs,,True,False
Person search,2021-01-30T23:00:00+00:00,,,54.777430,-1.581726,Male,25-34,White - English/Welsh/Scottish/Northern Irish/British,White,Police and Criminal Evidence Act 1984 (section 1),Offensive weapons,Arrest,True,False
Person search,2021-01-30T23:45:00+00:00,,,54.850853,-1.833384,Male,18-24,White - English/Welsh/Scottish/Northern Irish/British,White,Police and Criminal Evidence Act 1984 (section 1),Article for use in theft,,False,False
Person search,2021-01-31T00:49:00+00:00,,,54.804775,-1.556101,Male,18-24,Other ethnic group - Not stated,Black,Misuse of Drugs Act 1971 (section 23),Controlled drugs,,True,False
Person search,2021-01-31T00:55:00+00:00,,,54.804775,-1.556101,Male,18-24,Other ethnic group - Not stated,White,Misuse of Drugs Act 1971 (section 23),Controlled drugs,,True,False
Person search,2021-01-31T01:53:00+00:00,,,54.688205,-1.557373,Male,25-34,White - English/Welsh/Scottish/Northern Irish/British,White,Police and Criminal Evidence Act 1984 (section 1),Article for use in theft,,False,False
Person search,2021-01-31T01:53:00+00:00,,,54.688205,-1.557373,Male,25-34,White - English/Welsh/Scottish/Northern Irish/British,White,Police and Criminal Evidence Act 1984 (section 1),Article for use in theft,Community resolution,False,False
Person and Vehicle search,2021-01-31T02:40:00+00:00,,,54.797424,-1.665760,Male,25-34,White - English/Welsh/Scottish/Northern Irish/British,White,Misuse of Drugs Act 1971 (section 23),Controlled drugs,Arrest,True,False
Person search,2021-01-31T13:36:00+00:00,,,54.537426,-1.527060,Male,over 34,White - English/Welsh/Scottish/Northern Irish/British,White,Police and Criminal Evidence Act 1984 (section 1),Stolen goods,,True,False
Person search,2021-01-31T15:50:00+00:00,,,54.905493,-1.738244,Male,10-17,White - English/Welsh/Scottish/Northern Irish/British,White,Police and Criminal Evidence Act 1984 (section 1),Offensive weapons,,False,False
Person search,2021-01-31T15:50:00+00:00,,,54.905493,-1.738244,Male,10-17,White - English/Welsh/Scottish/Northern Irish/British,White,Police and Criminal Evidence Act 1984 (section 1),Offensive weapons,,False,False
